sigma_tp,diameter,epoch_mjd,ad,producer,rms,H_sigma,closeness,K2,K1,M1,two_body,full_name,M2,sigma_per,equinox,DT,diameter_sigma,saved,albedo,moid_ld,pha,neo,sigma_ad,PC,profit,spkid,sigma_w,sigma_i,per,id,A1,data_arc,A3,score,per_y,sigma_n,epoch_cal,orbit_id,sigma_a,sigma_om,A2,sigma_e,condition_code,rot_per,prov_des,G,last_obs,H,price,IR,spec_T,epoch,n_obs_used,moid,extent,spec_B,e,GM,tp_cal,pdes,class,UB,a,t_jup,om,ma,name,i,tp,prefix,BV,spec,q,w,moid_jup,n,sigma_ma,first_obs,n_del_obs_used,sigma_q,n_dop_obs_used
1.327e-08,939.4,58600.0,2.979646696468275,Davide Farnocchia,0.36954,,2640.0802241862843,,,,,1 Ceres,,2.3543e-08,J2000,,0.2,-6778017204000.001,0.09,620.6405326,N,N,2.7786e-11,,522924215944.27673,2000001.0,1.1463e-08,1.9267e-09,1683.145700575484,a0000001,,24437.0,,132.02401120931424,4.6082017811786,2.9918e-12,20190427.0,34.0,2.5823e-11,1.1722e-08,,1.172e-11,0.0,9.07417,,0.12,2017-03-05,3.34,8123022111651.299,,G,2458600.5,5993.0,1.59478,964.4 x 964.2 x 891.8,C,0.07600902762923671,62.873006000000004,20180430.2541287,1.0,MBA,0.426,2.769165146349478,3.309,80.30553084093981,77.37209773768207,Ceres,10.59406732590292,2458238.7541287453,,0.713,C,2.558683596230681,73.59769486239257,2.09753,0.2138852268564227,3.8719e-09,1950-04-09,405.0,5.6278e-11,0.0
4.1741e-06,525.4,58600.0,2.570926338111508,Davide Farnocchia,0.39592,,2649.7975580265224,,,,,4 Vesta,,1.2968e-06,J2000,,0.2,-1939090416666.6665,0.4228,443.4514316,N,N,1.6769e-09,,1.7092704138233867e-44,2000004.0,1.805e-07,2.2072e-07,1325.432764736216,a0000004,,24288.0,,5.2908333333333334e-55,3.62883713822373,2.6574e-10,20190427.0,34.0,1.5403e-09,3.9411e-07,,2.3717e-10,0.0,5.34212766,,0.32,2017-03-23,3.2,2.6454166666666668e-43,,V,2458600.5,9325.0,1.13948,572.6 x 557.2 x 446.4,V,0.08872145950956178,17.652865416666664,20180509.0595802,4.0,MBA,0.492,2.361417895877277,3.535,103.810804427096,95.86193620017683,Vesta,7.141770811873426,2458247.5595801924,,0.782,V,2.151909453643047,150.7285412870121,2.46988,0.2716094015313151,1.2275e-06,1950-09-23,2977.0,1.9617e-09,0.0
9.9851e-05,222.792,58600.0,2.795252244086217,Otto Matic,0.55571,,2644.4310795854663,,,,,13 Egeria,,3.7686e-06,J2000,,7.87,-85597465725.0,0.07,558.9765461,N,N,4.6504e-09,,6614730010.766661,2000013.0,2.7576e-05,4.0952e-06,1510.123386058998,a0000013,,61297.0,,132.24155397927333,4.13449250118822,5.9491e-10,20190427.0,86.0,4.2856e-09,1.3182e-05,,3.3657e-08,0.0,7.045,,,2018-09-18,6.74,102583113299.73561,,G,2458600.5,2352.0,1.43633,,Ch,0.08512141377834759,0.7940035875,20210419.6490003,13.0,MBA,0.452,2.575981091694859,3.364,43.2219168881917,187.4885068952582,Egeria,16.53612293574766,2459324.149000282,,0.745,Ch,2.356709939303502,80.54483120895175,2.35787,0.2383911164633375,2.3776e-05,1850-11-21,,8.6503e-08,
8.6301e-05,167.536,58600.0,3.199562423976596,Otto Matic,0.45122,,2637.2823155100186,,,,,22 Kalliope,,6.7873e-06,J2000,,3.053,112808000000.00002,0.166,639.4880357,N,N,7.9648e-09,,506985295.6231028,2000022.0,1.9569e-05,4.0906e-06,1817.7013762918,a0000022,,60026.0,,131.8798833445676,4.97659514385161,7.3953e-10,20190427.0,93.0,7.2561e-09,1.2151e-05,,3.8206e-08,0.0,4.1483,,0.21,2018-08-18,6.45,7883784533.333333,,M,2458600.5,2853.0,1.64321,,X,0.09767687508287445,0.5249426666666667,20210730.1786885,22.0,MBA,0.234,2.914849074993066,3.232,66.05276989131626,196.5714348128383,Kalliope,13.71531285364466,2459425.678688517,,0.715,X,2.630135726009536,356.082080322098,2.12719,0.1980523339507052,1.6844e-05,1854-04-14,,1.0898e-07,
0.00012261,94.8,58600.0,2.893605184535973,Otto Matic,0.52805,,2642.6659789817754,,,,,26 Proserpina,,7.3487e-06,J2000,,1.7,-5482840000000000.0,0.1966,545.9549179,N,N,8.9748e-09,,4.820009188036193e-41,2000026.0,8.04e-05,3.4829e-06,1579.541417150724,a0000026,,57607.0,,1.4960000000000004e-51,4.32454871225386,1.0604e-09,20190427.0,114.0,8.2327e-09,7.5853e-05,,3.4759e-08,0.0,13.11,,,2018-10-22,7.4,7.480000000000003e-40,,S,2458600.5,2101.0,1.40287,,S,0.09014486420558818,0.04991404,20180118.1255138,26.0,MBA,0.525,2.654330887156547,3.38,45.7779967812011,105.7236063695161,Proserpina,3.563413748183849,2458136.6255138023,,0.891,S,2.415056589777122,193.4497837380755,2.10282,0.2279142516246206,2.806e-05,1861-01-31,,9.1971e-08,
9.8615e-05,189.559,58600.0,2.739786226404876,Otto Matic,0.52878,,2644.8749325256995,,,,,29 Amphitrite,,3.8653e-06,J2000,,1.129,-93395476923.07693,0.216,539.817707,N,N,4.7354e-09,,8.217335228719887e-46,2000029.0,3.9903e-05,3.1187e-06,1490.935076546338,a0000029,,59585.0,,2.548307692307693e-56,4.08195777288525,6.26e-10,20190427.0,143.0,4.4144e-09,3.1822e-05,,3.1187e-08,0.0,5.3921,,0.2,2018-09-13,5.85,1.2741538461538465e-44,,S,2458600.5,2281.0,1.3871,,S,0.07269553868568869,0.8502428615384616,20200305.778414,29.0,MBA,0.449,2.554113564937332,3.427,356.3417299777814,284.2353132469576,Amphitrite,6.082522456884492,2458914.27841401,,0.838,S,2.368440903469788,63.36327805410182,2.47768,0.2414592061472713,2.3784e-05,1855-07-25,,7.9647e-08,
0.00014114,80.76,58600.0,2.797921576038474,Otto Matic,0.576,,2644.112256161294,,,,,32 Pomona,,7.7589e-06,J2000,,1.6,-6.848111638758519e+17,0.2564,535.9026568,N,N,9.5142e-09,,6.023525326876642e-39,2000032.0,6.0573e-05,5.011e-06,1521.152075797587,a0000032,,56404.0,,1.8685161360869085e-49,4.16468740807005,1.2071e-09,20190427.0,102.0,8.8021e-09,5.1751e-05,,4.7501e-08,0.0,9.448,,,2018-06-12,7.56,9.342580680434543e-38,,S,2458600.5,2019.0,1.37704,,S,0.08090136585501478,,20181213.120259,32.0,MBA,0.429,2.588507762523976,3.41,220.4415433252172,31.92100747154975,Pomona,5.52395114567172,2458465.620258953,,0.857,S,2.379093949009478,339.5358021476744,2.16968,0.2366627280255597,3.3449e-05,1864-01-07,,1.2438e-07,
0.00012318,111.251,58600.0,2.373855461734438,Otto Matic,0.42036,,2652.1584711331325,,,,,40 Harmonia,,2.2569e-06,J2000,,0.391,-1.7901675110697533e+18,0.22,452.0559803,N,N,2.8643e-09,,1.579403737069029e-38,2000040.0,5.7164e-05,3.2256e-06,1246.942830846745,a0000040,,56235.0,,4.884495255306285e-49,3.41394341094249,5.2253e-10,20190427.0,113.0,2.7357e-09,4.5087e-05,,3.0362e-08,0.0,8.91,,,2018-09-15,7.0,2.4422476276531426e-37,,S,2458600.5,5019.0,1.16159,,S,0.0470213280628561,,20180419.562619,40.0,MBA,0.432,2.26724651934877,3.61,94.18885502985238,107.5249432813363,Harmonia,4.257400612736195,2458228.0626189946,,0.854,S,2.160637576963103,269.7316206155986,2.79762,0.2887060987034502,3.5594e-05,1864-09-27,,6.9049e-08,
9.4547e-05,202.327,58600.0,2.950629532441512,Otto Matic,0.48129,,2641.16195691253,,,,,45 Eugenia,,5.7392e-06,J2000,,2.168,-41939970600.0,0.045,580.096802,N,N,6.8867e-09,,3236995665.663421,2000045.0,3.8528e-05,3.4351e-06,1639.317738991549,a0000045,,55608.0,,132.0780978456265,4.48820736205763,7.6882e-10,20190427.0,102.0,6.3505e-09,3.2498e-05,,3.4073e-08,0.0,5.699,,0.07,2018-08-18,7.46,50262384749.44499,,FC,2458600.5,3208.0,1.4906,,C,0.08443837415752818,0.3890359,20181103.2996272,45.0,MBA,0.274,2.720882627132943,3.344,147.6084190186866,38.36482257664071,Eugenia,6.603526557194116,2458425.7996272133,,0.676,C,2.491135721824373,88.16802085724791,2.06419,0.219603553013133,2.0782e-05,1866-05-19,,9.4516e-08,
0.00013288,216.473,58600.0,3.335394946383645,Otto Matic,0.53516,,2633.5365313400835,,,,,48 Doris,,8.2975e-06,J2000,,4.757,-48270532200.00001,0.065,742.6881363,N,N,9.2097e-09,,3714842429.771509,2000048.0,3.8604e-05,3.1238e-06,2003.35292010314,a0000048,,57942.0,,131.6968265670042,5.48488136920778,7.4428e-10,20190427.0,167.0,8.5876e-09,3.0257e-05,,3.0349e-08,0.0,11.89,,,2018-10-18,6.9,57849159805.96499,,CG,2458600.5,2594.0,1.90839,,Ch,0.07244388040008176,0.4477583,20180405.9383794,48.0,MBA,0.442,3.110088096301463,3.205,183.5539771494624,69.37478764636703,Doris,6.547416488631697,2458214.438379409,,0.716,Ch,2.884781246219282,253.0539222319485,1.88458,0.1796987422373217,2.3888e-05,1860-02-27,,9.5001e-08,
8.2911e-05,138.159,58600.0,2.525669693523558,Otto Matic,0.46237,,2649.5656881825985,,,,,51 Nemausa,,2.3069e-06,J2000,,0.966,-1.7135028536744776e+18,0.105,470.9540755,N,N,2.9224e-09,,1.326717586928271e+17,2000051.0,2.8004e-05,2.1056e-06,1329.153708868174,a0000051,,56572.0,,132.49828440912992,3.63902452804428,4.7009e-10,20190427.0,114.0,2.7374e-09,1.6382e-05,,1.9031e-08,0.0,7.783,,0.08,2018-08-02,7.35,2.053524083792718e+18,,CU,2458600.5,5170.0,1.21015,,Ch,0.06755935989880366,,20180507.3931686,51.0,MBA,0.482,2.365835370281398,3.525,175.9784923277597,96.04491824335447,Nemausa,9.977177850770598,2458245.893168608,,0.789,Ch,2.206001047039237,2.580551868740008,2.43368,0.2708490354411711,2.2447e-05,1863-09-12,,4.5501e-08,
0.00021904,106.517,58600.0,2.815591425794892,Otto Matic,0.46122,,2641.413984610881,,,,,58 Concordia,,7.4826e-06,J2000,,0.741,-7.852429887629028e+17,0.044,617.3520461,N,N,8.667e-09,,6.0612124036226936e+16,2000058.0,6.7653e-05,4.1214e-06,1620.549688094432,a0000058,,56505.0,,132.09069923054406,4.43682323913602,1.0257e-09,20190427.0,112.0,8.3114e-09,4.7622e-05,,3.8733e-08,0.0,9.895,,,2018-10-24,8.86,9.410637312894332e+17,,C,2458600.5,2857.0,1.58633,,Ch,0.04278237985988449,,20200129.0036941,58.0,MBA,0.37,2.700075759021949,3.361,161.107535908243,298.4645033577499,Concordia,5.065410274257458,2458877.50369414,,0.69,Ch,2.584560092249006,30.80176842418669,2.14199,0.2221468447680342,4.8615e-05,1864-02-09,,1.0367e-07,
0.000242,44.59,58600.0,2.779188219980741,Otto Matic,0.50077,,2642.1952112261242,,,,,73 Klytia,,8.7752e-06,J2000,,0.941,-8.506580626706838e+16,0.223,608.1832009,N,N,1.0233e-08,,0.0,2000073.0,0.00012236,4.4547e-06,1588.892555284,a0000073,,56137.0,,0.0,4.35015073315264,1.2513e-09,20190427.0,34.0,9.8115e-09,0.00010909,,3.908e-08,0.0,8.297,,,2018-06-14,9.0,0.0,,S,2458600.5,2352.0,1.56277,,,0.04292695318174599,,20170605.5597502,73.0,MBA,,2.664796620225448,3.381,7.019150934533758,156.4350522584491,Klytia,2.370056630795125,2457910.0597502254,,,?,2.550405020470155,52.64333087097911,2.35194,0.2265729037516028,5.4849e-05,1864-10-02,,1.0326e-07,
0.00011878,110.503,58600.0,2.63060656001773,Otto Matic,0.49285,,2647.9177587627223,,,,,83 Beatrix,,5.3922e-06,J2000,,0.829,2.532853017873337e+18,0.05,479.6948337,N,N,6.8249e-09,,1.1429133927816448e+16,2000083.0,5.9671e-05,4.0159e-06,1385.573602862555,a0000083,,56041.0,,132.41588793813614,3.79349377922671,1.0111e-09,20190427.0,97.0,6.3105e-09,5.1743e-05,,3.5635e-08,0.0,10.16,,,2018-10-19,8.66,1.7701286653000202e+17,,X,2458600.5,2070.0,1.23261,,X,0.08152139734674778,,20200909.3610536,83.0,MBA,0.266,2.432320402047791,3.497,27.73795741371501,229.7362746208487,Beatrix,4.963962122516736,2459101.8610535995,,0.704,X,2.234034244077852,168.5024923344271,2.32553,0.2598201923421826,3.0767e-05,1865-05-13,,8.8231e-08,
0.00015877,253.051,58600.0,3.806665083608841,Otto Matic,0.40564,,2627.850607203267,,,,,87 Sylvia,,1.5186e-05,J2000,,2.953,210798000000.00003,0.046,845.9349373,N,N,1.6235e-08,,943986969.2751211,2000087.0,3.0156e-05,3.8771e-06,2373.818439837857,a0000087,,45279.0,,131.41253036016334,6.49916068401877,9.7018e-10,20190427.0,81.0,1.4853e-08,1.9514e-05,,3.1451e-08,0.0,5.184,,,2018-10-22,6.94,14731987200.0,,P,2458600.5,3134.0,2.17369,,X,0.09306323489017362,0.980931,20170822.9695604,87.0,OMB,0.251,3.482566206694637,3.094,73.04534153005218,92.81710620780105,Sylvia,10.87710555917944,2457988.469560421,,0.71,X,3.158467329780433,263.557973341693,1.57082,0.1516543952807906,2.4204e-05,1894-11-02,,1.1226e-07,
0.0001348,204.89,58600.0,3.453078858549759,Otto Matic,0.43497,,2632.8799870213115,,,,,94 Aurora,,1.3557e-05,J2000,,3.6,-50719020775.200005,0.0395,732.7137092,N,N,1.5236e-08,,3902302090.359875,2000094.0,3.5376e-05,3.6309e-06,2048.401434137404,a0000094,,53413.0,,131.6639993510656,5.60821747881562,1.1632e-09,20190427.0,91.0,1.3928e-08,2.719e-05,,3.0376e-08,0.0,7.22,,,2018-10-22,7.57,60783517485.77993,,CP,2458600.5,2635.0,1.88276,,C,0.09394477998265134,0.4704705228,20200211.9661606,94.0,MBA,0.301,3.156538539911055,3.184,2.574732956189706,308.8636279589481,Aurora,7.970755529317809,2458891.466160626,,0.663,C,2.859998221272352,60.46841342149876,1.8752,0.175746801383977,2.3547e-05,1872-07-26,,9.9961e-08,
0.00012883,83.908,58600.0,2.915624427344607,Otto Matic,0.51846,,2641.5475344039396,,,,,103 Hera,,8.0523e-06,J2000,,2.091,-7.680544494525114e+17,0.217,573.8856488,N,N,9.6497e-09,,6.749171430605774e-39,2000103.0,5.068e-05,4.2065e-06,1621.973143482298,a0000103,,53859.0,,2.095646519652146e-49,4.44072044759014,1.1019e-09,20190427.0,108.0,8.9416e-09,4.2829e-05,,3.725e-08,0.0,23.74,,,2018-09-19,7.66,1.047823259826073e-37,,S,2458600.5,2272.0,1.47464,,S,0.07919872960798688,,20190519.0189816,103.0,MBA,0.441,2.701656652620127,3.356,136.0836012702614,355.1128454810056,Hera,5.418388062856363,2458622.5189816053,,0.853,S,2.487688877895647,188.4790101799258,2.33091,0.2219518870867968,2.8589e-05,1871-04-04,,1.0125e-07,
0.00020798,254.0,58600.0,3.719804523906192,Otto Matic,0.45376,,2627.5626189241307,,,,,107 Camilla,,1.7182e-05,J2000,,12.0,160608000000.0,0.059,891.8141886,N,N,1.788e-08,,719149346.2686617,2000107.0,3.6424e-05,3.6308e-06,2382.998058212344,a0000107,,54742.0,,131.39813094620655,6.52429310941093,1.0892e-09,20190427.0,101.0,1.6783e-08,2.0272e-05,,3.0008e-08,0.0,4.844,,0.08,2018-10-22,7.08,11224371200.0,,C,2458600.5,2786.0,2.29158,,X,0.06537690301202546,0.747376,20191204.7745479,107.0,OMB,0.298,3.49153854695891,3.1,172.5968063975373,326.496474068359,Camilla,9.999894694504883,2458822.2745478842,,0.705,X,3.263272570011629,306.594357059097,1.35217,0.1510702028309925,3.1371e-05,1868-12-05,,1.0627e-07,
0.00021174,75.498,58600.0,3.416125611741202,Otto Matic,0.50829,,2631.338962699291,,,,,108 Hecuba,,1.5716e-05,J2000,,1.891,-5.594847350962682e+17,0.148,800.4370726,N,N,1.6829e-08,,4.897394149680073e-39,2000108.0,5.6394e-05,4.606e-06,2126.802655282402,a0000108,,50671.0,,1.5265613508765847e-49,5.82286832383957,1.2508e-09,20190427.0,47.0,1.5944e-08,4.3902e-05,,3.7503e-08,0.0,14.256,,,2018-10-20,8.09,7.632806754382924e-38,,S,2458600.5,2296.0,2.05678,,Sl,0.05547508677911836,,20190922.5020469,108.0,OMB,0.502,3.23657626270065,3.178,349.986057724393,334.863329826345,Hecuba,4.220482020488001,2458749.0020468617,,0.855,Sl,3.057026913660096,205.5650348438454,1.55362,0.169268173098175,3.5886e-05,1880-01-26,,1.2384e-07,
0.0001249,86.09,58600.0,2.953921432745483,Otto Matic,0.40275,,2640.915450346015,,,,,110 Lydia,,8.5262e-06,J2000,,2.0,1.1976940878642788e+18,0.1808,586.8956019,N,N,1.0183e-08,,5390130058334609.0,2000110.0,4.7449e-05,4.103e-06,1648.869267271333,a0000110,,54012.0,,132.06577251730076,4.51435802127675,1.129e-09,20190427.0,83.0,9.416e-09,3.8883e-05,,3.6277e-08,0.0,10.927,,0.2,2018-05-13,7.8,8.370294771265491e+16,,M,2458600.5,2194.0,1.50807,,X,0.08145157028133726,,20210327.9370688,110.0,MBA,0.298,2.731441253515427,3.341,56.8655779966722,206.9634010488777,Lydia,5.964950625647203,2459301.4370688284,,0.705,X,2.508961074285371,283.1161272690289,2.34848,0.2183314390932604,2.713e-05,1870-06-26,,9.7139e-08,
9.7578e-05,50.137,58600.0,2.582161161026527,Otto Matic,0.5124,,2649.41189194095,,,,,113 Amalthea,,3.5822e-06,J2000,,1.265,-1.638539565366356e+17,0.224,456.5392187,N,N,4.6107e-09,,1.4441304781805499e-39,2000113.0,5.5086e-05,4.3281e-06,1337.443323823952,a0000113,,53881.0,,4.470776440290194e-50,3.66172025687598,7.2095e-10,20190427.0,112.0,4.242e-09,4.8579e-05,,3.7435e-08,0.0,9.95,,0.35,2018-09-18,8.74,2.2353882201450974e-38,,S,2458600.5,2586.0,1.17311,,S,0.08692281347836554,,20171207.6893736,113.0,MBA,0.521,2.375661941222032,3.531,123.4516280677797,136.0146050901299,Amalthea,5.042972338120909,2458095.1893735547,,0.925,S,2.169162721417538,78.70826060514008,2.38551,0.2691702845177064,2.6338e-05,1871-03-12,,8.8908e-08,
0.00049451,208.974,58600.0,3.072931074575507,Otto Matic,0.45413,,2635.511826517058,,,,,117 Lomia,,9.4851e-06,J2000,,1.208,85394700000.0,0.027,748.5023361,N,N,1.0288e-08,,383525926.5472283,2000117.0,9.7503e-05,4.6774e-06,1888.747695793132,a0000117,,45879.0,,131.7875272420129,5.17110936562117,9.5719e-10,20190427.0,96.0,1.0011e-08,1.7174e-05,,4.0534e-08,0.0,9.127,,,2018-05-22,7.95,5967958080.0,,XC,2458600.5,2090.0,1.92333,,X,0.02762770744449034,0.39737715,20170304.8524146,117.0,MBA,0.306,2.990315512431332,3.205,348.7754821444242,149.2698741003119,Lomia,14.90248355958832,2457817.3524145605,,0.687,X,2.907699950287158,51.19680067696937,2.03997,0.1906024826936067,9.435e-05,1892-10-10,,1.1984e-07,
0.00011034,57.3,58600.0,2.788934469924801,Otto Matic,0.52825,,2644.278840608223,,,,,119 Althaea,,5.1134e-06,J2000,,1.1,-2.4459398160752426e+17,0.2306,534.6884464,N,N,6.2764e-09,,2.1515578932840163e-39,2000119.0,4.6626e-05,3.9797e-06,1514.766221228612,a0000119,,53517.0,,6.673778488609121e-50,4.14720389111187,8.0227e-10,20190427.0,73.0,5.809e-09,3.9159e-05,,3.5492e-08,0.0,11.484,,,2018-10-22,8.42,3.3368892443045606e-38,,S,2458600.5,2498.0,1.37392,,Sl,0.08045542213716395,,20190603.7662565,119.0,MBA,0.342,2.581258247941621,3.413,203.6540355608048,351.0244550309268,Althaea,5.786175486575127,2458638.26625649,,0.874,Sl,2.373582025958442,171.3465535028594,2.58511,0.237660435620229,2.6213e-05,1872-04-13,,9.201e-08,
0.00026138,155.132,58600.0,3.282437552822137,Otto Matic,0.50102,,2633.276465937136,,,,,120 Lachesis,,1.3511e-05,J2000,,1.133,-2.425780291865048e+18,0.058,761.9092426,N,N,1.4692e-08,,1.866667147715497e+17,2000120.0,5.8422e-05,4.6935e-06,2012.466188325767,a0000120,,53505.0,,131.68382329685681,5.50983213778444,1.201e-09,20190427.0,120.0,1.3962e-08,3.7668e-05,,4.2706e-08,0.0,46.551,,,2018-10-22,7.75,2.9071432479101926e+18,,C,2458600.5,1961.0,1.95778,,C,0.05222761525288295,,20210329.5860912,120.0,MBA,0.383,3.119512836614981,3.203,341.1739817373838,234.317891989104,Lachesis,6.961644089696851,2459303.0860912483,,0.707,C,2.956588120407824,233.6347059453867,1.72172,0.1788849929943395,4.6528e-05,1872-04-25,,1.3044e-07,
0.0004602,70.676,58600.0,3.326943332109933,Otto Matic,0.53685,,2631.4513875986986,,,,,122 Gerda,,1.6956e-05,J2000,,0.912,-2.675673275298606e+17,0.297,831.2048528,N,N,1.778e-08,,1.037819693358082e+16,2000122.0,0.00017467,4.9953e-06,2115.126216679335,a0000122,,53409.0,,131.59256937993493,5.79089997721926,1.3644e-09,20190427.0,33.0,1.7234e-08,0.00015701,,4.2601e-08,0.0,10.685,,,2018-10-24,7.87,1.617419078332491e+17,,ST,2458600.5,2513.0,2.13584,,L,0.03170015542955455,,20190928.7691766,122.0,OMB,0.41,3.224719231262246,3.187,178.1293701747951,333.6578823883799,Gerda,1.640271917753811,2458755.269176564,,0.776,L,3.122495130414559,321.7146731134389,1.66226,0.1702026087904985,7.8247e-05,1872-08-01,,1.3619e-07,
0.0001285,88.648,58600.0,2.829381358026784,Otto Matic,0.52687,,2643.107326534091,,,,,124 Alkeste,,6.8036e-06,J2000,,1.651,-9.05709089895998e+17,0.128,552.4890822,N,N,8.234e-09,,7.963491939843759e-39,2000124.0,7.7129e-05,4.6108e-06,1558.562954942385,a0000124,,53384.0,,2.471238990166434e-49,4.26711281298394,1.0083e-09,20190427.0,119.0,7.6561e-09,7.1461e-05,,3.7438e-08,0.0,9.906,,0.19,2018-10-22,8.11,1.2356194950832171e-37,,S,2458600.5,2680.0,1.41966,,S,0.07549287951018589,,20210116.7099952,124.0,MBA,0.424,2.630776467172312,3.394,187.9835856198601,214.3173392157092,Alkeste,2.957089525612121,2459231.2099952106,,0.844,S,2.43217157631784,61.88224153611667,2.18097,0.2309820074052177,2.9556e-05,1872-08-24,,9.7761e-08,
0.00014172,48.418,58600.0,2.957807980862154,Otto Matic,0.41004,,2640.6163730223207,,,,,125 Liberatrix,,9.2585e-06,J2000,,0.533,2.1306313876784083e+17,0.182,591.0752877,N,N,1.0994e-08,,958765666780920.9,2000125.0,5.9525e-05,4.7806e-06,1660.582727585031,a0000125,,53346.0,,132.05081865111603,4.54642772781665,1.2087e-09,20190427.0,73.0,1.0201e-08,5.0721e-05,,3.8055e-08,0.0,3.968,,0.33,2018-10-22,9.04,1.4890290387573198e+16,,M,2458600.5,3588.0,1.51881,,X,0.07777618611759086,,20170330.0004014,125.0,MBA,0.239,2.744361973256145,3.339,168.992263914793,164.3277693829014,Liberatrix,4.663376737192685,2457842.5004013893,,0.705,X,2.530915965650136,109.7857612014469,2.13436,0.2167913672831852,3.073e-05,1872-10-01,,1.0537e-07,
0.00016883,122.0,58600.0,2.9397706562984,Otto Matic,0.48347,,2640.320390356461,,,,,127 Johanna,,1.0402e-05,J2000,,,-22156965600.0,0.042,623.8667519,N,N,1.2202e-08,,1709566016.5711482,2000127.0,4.8107e-05,4.7684e-06,1670.656552357111,a0000127,,36906.0,,132.03601951782306,4.57400835689832,1.3417e-09,20190427.0,100.0,1.1437e-08,3.1411e-05,,4.0086e-08,0.0,12.7988,,,2018-10-19,8.6,26553712697.819996,,CX,2458600.5,2058.0,1.60307,,Ch,0.06689320622522547,0.2055284,20200412.6299914,127.0,MBA,,2.755449785550329,3.326,31.15551168569886,284.2293116867726,Johanna,8.244858116933303,2458952.1299914084,,,Ch,2.571128914802257,93.72357112017913,2.11242,0.2154841457342504,3.6303e-05,1917-10-03,,1.1198e-07,
0.00011777,31.337,58600.0,2.596331123062116,Otto Matic,0.45699,,2647.848779473709,,,,,131 Vala,,6.1675e-06,J2000,,0.304,5.776880021964796e+16,0.246,489.770445,N,N,7.7056e-09,,286654660396807.6,2000131.0,5.5509e-05,4.5059e-06,1385.391465262013,a0000131,,53102.0,,132.41243897368545,3.7929951136537,1.1568e-09,20190427.0,63.0,7.2182e-09,4.6996e-05,,4.2705e-08,0.0,5.1812,,,2018-10-19,10.03,4439783918311057.0,,SU,2458600.5,2266.0,1.2585,,Xc,0.06752329006049501,,20210211.7345609,131.0,MBA,0.402,2.432107240409702,3.499,65.66034872192236,189.3446669427372,Vala,4.961348776782894,2459257.234560886,,0.829,Xc,2.267883357757288,160.4478346040304,2.37883,0.2598543509374909,3.0454e-05,1873-05-30,,1.0354e-07,
0.00011345,36.893,58600.0,2.481168915769549,Otto Matic,0.44912,,2651.80015311509,,,,,136 Austria,,5.412e-06,J2000,,0.518,9.425832064642664e+16,0.201,424.8101886,N,N,7.0894e-09,,425950694311619.2,2000136.0,3.963e-05,5.2063e-06,1262.727053323912,a0000136,,51574.0,,132.61000765575452,3.45715825687587,1.2219e-09,20190427.0,66.0,6.5327e-09,2.3754e-05,,3.6633e-08,0.0,11.4969,,,2018-04-02,9.69,6587407723302180.0,,M,2458600.5,2220.0,1.09158,,Xe,0.08521459556409698,,20200909.9201697,136.0,MBA,0.247,2.286339426240237,3.578,186.4549257913584,216.903944045536,Austria,9.579215321225531,2459102.4201696604,,0.752,Xe,2.091509936710926,132.884872747356,2.74636,0.2850972417612831,3.222e-05,1877-01-17,,8.3179e-08,
0.00012702,95.377,58600.0,2.96574460140557,Otto Matic,0.4466,,2640.2568978528566,,,,,143 Adria,,9.0312e-06,J2000,,0.698,1.6287411502748093e+18,0.044,613.2968947,N,N,1.066e-08,,8058806633778543.0,2000143.0,3.2194e-05,3.804e-06,1675.121683716301,a0000143,,50561.0,,132.03284489264283,4.58623322030473,1.1587e-09,20190427.0,40.0,9.9214e-09,1.8465e-05,,3.4984e-08,0.0,22.005,,,2018-09-18,9.12,1.251758516463373e+17,,C,2458600.5,2303.0,1.57591,,Xc,0.07440608538375745,,20180414.7157572,143.0,MBA,0.336,2.760357225961041,3.309,332.9838403963054,81.08206630060039,Adria,11.44456878173643,2458223.2157571646,,0.738,Xc,2.554969850516512,252.3960996062,2.10465,0.2149097605860672,2.7363e-05,1880-04-13,,9.6314e-08,
0.00013143,160.31,58600.0,2.900917581619295,Otto Matic,0.48001,,2641.1237704168775,,,,,146 Lucina,,7.909e-06,J2000,,1.21,-2.676881405698049e+18,0.036,596.1617396,N,N,9.3449e-09,,2.0660310683446186e+17,2000146.0,3.3305e-05,2.9014e-06,1636.784630300168,a0000146,,48556.0,,132.07618852084389,4.48127208843304,1.0628e-09,20190427.0,89.0,8.7559e-09,1.5821e-05,,2.9463e-08,0.0,18.557,,0.11,2018-09-11,8.2,3.20807194704687e+18,,C,2458600.5,2100.0,1.53188,,Ch,0.06726757675284951,,20180801.8503373,146.0,MBA,0.405,2.718078994253069,3.319,83.94559265344645,58.97775234565162,Lucina,13.10113193309724,2458332.3503373084,,0.703,Ch,2.535240406886842,146.0037439345137,2.14224,0.2199434142621317,2.888e-05,1885-10-02,,8.2332e-08,
0.00043634,132.93,58600.0,3.221495620207565,Otto Matic,0.47397,,2632.8231472406005,,,,,147 Protogeneia,,1.3428e-05,J2000,,5.1,-88483986000.0,0.0492,798.9776851,N,N,1.4181e-08,,6807777120.955812,2000147.0,0.00013538,3.8821e-06,2033.605376592299,a0000147,,49027.0,,131.66115736203002,5.5677080810193,1.1689e-09,20190427.0,48.0,1.3828e-08,0.00011206,,3.4763e-08,0.0,7.8528,,,2018-05-22,8.7,106042424085.44998,,C,2458600.5,2673.0,2.05303,,C,0.02552293043771055,0.820779,20200901.0702532,147.0,MBA,0.293,3.141319930147809,3.209,248.295043830031,272.7139939843844,Protogeneia,1.933843123403131,2459093.570253152,,0.678,C,3.061144240088052,98.27458734818843,1.89073,0.1770254957740375,7.7071e-05,1884-02-27,,1.0618e-07,
0.00012178,23.719,58600.0,2.316106790670938,Otto Matic,0.46004,,2654.851903329377,,,,,149 Medusa,,4.6687e-06,J2000,,0.267,-1.280358918365262e+16,0.152,406.3440721,N,N,6.1519e-09,,0.0,2000149.0,0.00021718,4.8543e-06,1171.787014716028,a0000149,,46260.0,,0.0,3.20817800059145,1.224e-09,20190427.0,34.0,5.7777e-09,0.00021389,,3.5559e-08,0.0,26.023,,,2018-05-25,10.79,0.0,,S,2458600.5,2484.0,1.04413,,,0.06477638458936784,,20200630.8682053,149.0,MBA,0.5,2.175204882632842,3.682,159.6091574670409,227.6273486895176,Medusa,0.9393765935203124,2459031.3682053033,,0.803,?,2.034302974594747,250.9438541796841,2.87145,0.3072230665461357,3.7372e-05,1891-09-28,,7.7407e-08,
0.00032055,39.037,58600.0,2.677742409841076,Otto Matic,0.47369,,2643.840269957593,,,,,151 Abundantia,,8.1586e-06,J2000,,0.512,-7.734125319349632e+16,0.233,588.9815531,N,N,9.5579e-09,,6.802153654292052e-40,2000151.0,8.4926e-05,4.9352e-06,1523.804550973407,a0000151,,48847.0,,2.1102661171486035e-50,4.17194948931802,1.2649e-09,20190427.0,34.0,9.2501e-09,3.9407e-05,,4.1083e-08,0.0,9.864,,,2018-10-16,9.2,1.0551330585743018e-38,,S,2458600.5,2072.0,1.51343,,Sl,0.03327257847552075,,20190213.411106,151.0,MBA,0.496,2.591515990670911,3.41,38.86607092374733,17.14918217160563,Abundantia,6.434814937931208,2458527.911106004,,0.867,Sl,2.505289571500747,131.8396881848915,2.28649,0.2362507709863655,7.575e-05,1885-01-19,,1.0717e-07,
0.00019912,58.964,58600.0,3.390523091757341,Otto Matic,0.44704,,2633.121113690533,,,,,152 Atala,,1.7342e-05,J2000,,0.51,-39801900000.0,0.257,748.1637582,N,N,1.9315e-08,,3.48637950256419e-46,2000152.0,4.1663e-05,6.0607e-06,2029.516283764842,a0000152,,48610.0,,1.0860000000000001e-56,5.55651275500299,1.5157e-09,20190427.0,33.0,1.7871e-08,2.131e-05,,4.4243e-08,0.0,6.246,,,2018-09-10,8.33,5.430000000000001e-45,,I,2458600.5,2014.0,1.92246,,S,0.0807799956763806,0.3623439,20210428.7233938,152.0,MBA,0.452,3.137107556876515,3.172,39.89780575425006,230.0279352845124,Atala,12.12480674386667,2459333.2233938184,,0.882,S,2.88369202199569,59.37311643664455,1.85578,0.1773821687856499,3.5144e-05,1885-08-08,,1.4005e-07,
0.00021724,192.611,58600.0,3.442467727466313,Otto Matic,0.46222,,2632.1045841457462,,,,,154 Bertha,,1.8861e-05,J2000,,2.189,-59819011239.99999,0.044,759.65984,N,N,2.0738e-08,,4601096425.156174,2000154.0,3.7509e-05,6.1188e-06,2087.247870032721,a0000154,,48676.0,,131.62522920728733,5.71457322390889,1.5586e-09,20190427.0,35.0,1.9256e-08,1.3147e-05,,5.1778e-08,0.0,25.224,,,2018-10-24,7.58,71689276727.25299,,,2458600.5,1821.0,1.952,,C,0.07700936019769544,0.5548821933333333,20200427.1781245,154.0,MBA,,3.196321085672286,3.087,36.73368580707339,296.8430905137901,Bertha,20.97197141967293,2458966.6781244525,,,C,2.95017444387826,160.2812387751246,1.53275,0.1724759216040577,3.727e-05,1885-07-17,,1.6504e-07,
0.00022387,39.025,58600.0,3.019031994512339,Otto Matic,0.49383,,2637.878289752146,,,,,158 Koronis,,1.1822e-05,J2000,,0.462,-7.726995085695525e+16,0.213,675.4123184,N,N,1.3392e-08,,6.780557597821833e-40,2000158.0,0.00026931,4.2311e-06,1776.792539368017,a0000158,,45675.0,,2.1083206236549865e-50,4.86459285247917,1.3481e-09,20190427.0,27.0,1.2735e-08,0.00026539,,4.0743e-08,0.0,14.218,,,2018-09-01,9.27,1.0541603118274933e-38,,S,2458600.5,2534.0,1.73552,,S,0.05157967988723503,,20210410.1712205,158.0,MBA,0.394,2.870949346259792,3.296,277.6990635816984,215.3001356677306,Koronis,1.005095021586543,2459314.6712205363,,0.859,S,2.722866698007245,145.2642875636888,2.14885,0.2026122870417091,4.5296e-05,1893-08-12,,1.144e-07,
0.00015837,81.24,58600.0,2.910424015824271,Otto Matic,0.50376,,2640.913595978407,,,,,160 Una,,8.6281e-06,J2000,,2.1,-3.4838306273541184e+17,0.0625,606.7899723,N,N,1.0174e-08,,2.6886247262828364e+16,2000160.0,6.8427e-05,4.7582e-06,1645.513138088269,a0000160,,44125.0,,132.06567979892037,4.50516944035118,1.1471e-09,20190427.0,30.0,9.5351e-09,5.9287e-05,,3.8396e-08,0.0,11.033,,,2018-10-19,9.08,4.175149216579876e+17,,CX,2458600.5,2401.0,1.55919,,C,0.06697517238514394,,20190409.5379937,160.0,MBA,0.363,2.727733588512874,3.349,8.599973437903397,3.820280821775945,Una,3.823881513744408,2458583.0379936574,,0.718,C,2.545043161201477,52.36200099625608,2.29841,0.218776740013296,3.4649e-05,1897-12-27,,1.0632e-07,
0.00014412,180.083,58600.0,3.393652592580441,Otto Matic,0.50898,,2633.338569021661,,,,,165 Loreley,,1.3407e-05,J2000,,2.064,-141533030400.0,0.047,717.2947938,N,N,1.5024e-08,,10813071825.654036,2000165.0,2.9689e-05,4.7764e-06,2018.936699090614,a0000165,,51786.0,,131.68692845108305,5.52754743077512,1.1841e-09,20190427.0,39.0,1.384e-08,1.8293e-05,,4.1153e-08,0.0,7.226,,,2018-05-24,7.65,168398567670.77997,,CD,2458600.5,2115.0,1.84314,,Cb,0.08555341496927114,1.3052388000000001,20200229.2872796,165.0,MBA,0.291,3.126195860824136,3.179,302.4972029490991,305.0287764374383,Loreley,11.22600484918716,2458908.7872795677,,0.722,Cb,2.858739129067831,346.6724367986964,1.81688,0.178311682660558,2.5478e-05,1876-08-10,,1.3064e-07,
0.00027372,39.935,58600.0,2.958950452360219,Otto Matic,0.49527,,2638.2002720128917,,,,,167 Urda,,1.0557e-05,J2000,,0.264,-8.28024080632327e+16,0.223,673.2757751,N,N,1.1835e-08,,7.266926167894073e-40,2000167.0,0.00012753,4.1296e-06,1759.601122286782,a0000167,,49145.0,,2.2592744355588736e-50,4.81752531769139,1.2275e-09,20190427.0,31.0,1.1409e-08,0.00011492,,4.102e-08,0.0,13.07,,,2018-10-18,9.2,1.1296372177794369e-38,,S,2458600.5,2450.0,1.73003,,Sk,0.03735440947503767,,20201122.4865986,167.0,MBA,0.4,2.852400708314935,3.303,166.2140697614984,242.2601481244697,Urda,2.212657367184141,2459175.9865986058,,0.837,Sk,2.745850964269652,132.8562022190725,2.11166,0.2045918222262459,5.5887e-05,1884-03-29,,1.1602e-07,
0.00020281,145.366,58600.0,3.620632361564293,Otto Matic,0.47024,,2629.3236904661,,,,,168 Sibylla,,1.7996e-05,J2000,,3.219,-30214044000.000004,0.056,827.3559615,N,N,1.9203e-08,,2321517035.413865,2000168.0,6.3557e-05,4.5914e-06,2261.986492374282,a0000168,,50595.0,,131.486184523305,6.19298149862911,1.2662e-09,20190427.0,36.0,1.7886e-08,5.5413e-05,,4.1667e-08,0.0,47.009,,,2018-10-22,7.94,36209608224.299995,,C,2458600.5,2572.0,2.12595,,Ch,0.07363511818486236,0.280266,20191107.2670745,168.0,OMB,0.384,3.372311784738844,3.143,205.9602013265337,329.0819785765981,Sibylla,4.670180288897428,2458794.7670745295,,0.745,Ch,3.123991207913395,175.3246849054157,1.81827,0.1591521440175038,3.2213e-05,1880-04-13,,1.4658e-07,
0.00019048,33.136,58600.0,2.716260383273744,Otto Matic,0.44248,,2644.837136468116,,,,,170 Maria,,7.841e-06,J2000,,0.831,-4.73022877298192e+16,0.282,549.6831665,N,N,9.5252e-09,,4.161798981543895e-40,2000170.0,5.1243e-05,4.704e-06,1490.648736361939,a0000170,,43545.0,,1.2906490512911107e-50,4.08117381618601,1.2703e-09,20190427.0,34.0,8.9555e-09,2.1765e-05,,4.0321e-08,0.0,13.12,,,2018-10-22,9.39,6.453245256455554e-39,,S,2458600.5,1811.0,1.41245,,S,0.06362076280416913,,20190827.6280523,170.0,MBA,0.447,2.553786535825508,3.392,301.2973501317531,330.3846400813516,Maria,14.37737984123469,2458723.1280523324,,0.886,S,2.391312688377273,158.488734277822,2.39572,0.241505588284073,4.6003e-05,1899-08-02,,1.0391e-07,
0.00023436,35.81,58600.0,2.567369618668868,Otto Matic,0.48979,,2647.025959555807,,,,,178 Belisana,,7.3748e-06,J2000,,0.9,-5.97028225861291e+16,0.2438,520.9507454,N,N,8.9518e-09,,5.257182870937867e-40,2000178.0,0.00014381,4.5943e-06,1410.053156513037,a0000178,,48376.0,,1.6289992520089798e-50,3.86051514445732,1.3353e-09,20190427.0,33.0,8.5805e-09,0.00013165,,3.963e-08,0.0,12.323,,,2018-05-24,9.4,8.1449962600449e-39,,S,2458600.5,2411.0,1.33862,,S,0.04327073593781813,,20190223.3080942,178.0,MBA,0.486,2.460885300651134,3.488,51.10413304078879,16.00584062406176,Belisana,1.893837033590996,2458537.8080941816,,0.904,S,2.354400982633401,211.676460494521,2.44233,0.2553095238552956,5.9857e-05,1885-12-11,,9.8726e-08,
0.00021656,62.483,58600.0,3.399434043838827,Otto Matic,0.48425,,2632.183297754668,,,,,184 Dejopeja,,1.7299e-05,J2000,,0.32,4.579029082505858e+17,0.215,770.3775818,N,N,1.8857e-08,,2053942929176853.2,2000184.0,0.00022987,4.6329e-06,2079.104243824266,a0000184,,46044.0,,131.6291648877334,5.69227719048396,1.4407e-09,20190427.0,77.0,1.7684e-08,0.00022713,,4.1565e-08,0.0,6.4416,,,2018-10-24,8.31,3.200134623284094e+16,,X,2458600.5,2496.0,1.97954,,X,0.06632124172869035,,20200524.8754814,184.0,MBA,0.227,3.188001805466953,3.194,331.5646994535267,291.7998730756871,Dejopeja,1.143015620702208,2458994.375481438,,0.699,X,2.976569567095078,210.2318892547235,1.56507,0.1731514911141842,3.7312e-05,1892-09-30,,1.3042e-07,
0.0002459,38.49,58600.0,2.540587058768305,Otto Matic,0.51061,,2647.243886391579,,,,,189 Phthia,,6.469e-06,J2000,,0.317,-281472000000000.03,0.17,529.6525866,N,N,7.8154e-09,,1.2393648567797425e-42,2000189.0,8.0077e-05,4.7865e-06,1401.93227063106,a0000189,,50550.0,,3.840000000000001e-53,3.83828137065314,1.1849e-09,20190427.0,72.0,7.5412e-09,4.9924e-05,,4.5074e-08,0.0,22.346,,,2018-07-04,9.33,1.9200000000000005e-41,,S,2458600.5,2271.0,1.36098,,Sa,0.03637042495055368,0.002562432,20200826.8143826,189.0,MBA,0.491,2.451427595388511,3.489,203.4149270339574,234.7349059595741,Phthia,5.176069707725847,2459088.3143825526,,0.904,Sa,2.362268132008717,167.2211975411356,2.59589,0.2567884394571722,6.3075e-05,1880-02-08,,1.1036e-07,
0.00013146,94.536,58600.0,3.156614943425822,Otto Matic,0.51259,,2637.6434400536277,,,,,191 Kolga,,1.147e-05,J2000,,0.433,-5.5216432586676704e+17,0.046,640.6555457,N,N,1.3425e-08,,4.225411532239454e+16,2000191.0,3.4568e-05,4.6286e-06,1798.012863901816,a0000191,,48727.0,,131.9021720026814,4.92269093470723,1.2773e-09,20190427.0,97.0,1.2307e-08,2.1262e-05,,3.7359e-08,0.0,17.604,,,2018-06-08,9.07,6.569751338756425e+17,,XC,2458600.5,2176.0,1.64621,,Cb,0.0908340763861364,,20170113.6574845,191.0,MBA,0.258,2.893762682848601,3.254,159.3000503265697,166.8527025573417,Kolga,11.50794039093092,2457767.157484514,,0.675,Cb,2.630910422271381,226.60289736,2.29207,0.2002210369167073,2.642e-05,1885-01-09,,1.0661e-07,
0.00029248,93.109,58600.0,3.003410270265418,Otto Matic,0.45181,,2637.7121830740157,,,,,195 Eurykleia,,1.0974e-05,J2000,,0.719,-5.24471961490971e+17,0.051,690.9402014,N,N,1.2322e-08,,4.0426732791111e+16,2000195.0,6.7199e-05,5.0841e-06,1783.205909326138,a0000195,,49125.0,,131.9056091537008,4.88215170246718,1.2424e-09,20190427.0,33.0,1.1807e-08,3.4077e-05,,3.7838e-08,0.0,16.521,,,2018-10-22,9.01,6.28546256509662e+17,,C,2458600.5,2498.0,1.77542,,Ch,0.0436285458921422,,20191130.7246671,195.0,MBA,0.387,2.877853698125862,3.283,6.986836754809441,316.0449638869039,Eurykleia,6.969876139519078,2458818.2246670597,,0.704,Ch,2.752297125986307,118.5996299341069,2.00949,0.2018835840085578,5.8978e-05,1884-04-22,,1.0936e-07,
0.00071019,144.626,58600.0,3.162858803453066,Otto Matic,0.49611,,2633.287769392457,,,,,196 Philomela,,7.832e-06,J2000,,4.085,-37456300000.0,0.342,797.1719363,N,N,8.2304e-09,,3.281128329964772e-46,2000196.0,0.00013147,4.2511e-06,2006.492414881169,a0000196,,50920.0,,1.0220000000000002e-56,5.493476837457,7.0033e-10,20190427.0,105.0,8.1016e-09,3.1738e-05,,3.8858e-08,0.0,8.334,,,2018-10-13,6.54,5.110000000000001e-45,,S,2458600.5,2398.0,2.04839,,S,0.01590650437091717,0.3409903,20171201.2359889,196.0,MBA,0.451,3.113336502763719,3.206,72.32194220359341,91.81945699503945,Philomela,7.263021012745551,2458088.7359888917,,0.852,S,3.063814202074372,199.7515411875772,1.84598,0.1794175733384571,0.00012745,1879-05-15,,1.2117e-07,
0.00017925,124.592,58600.0,2.89691566229928,Otto Matic,0.45996,,2640.674381118765,,,,,203 Pompeja,,9.268e-06,J2000,,1.079,-1.8557226889873905e+18,0.036,617.8034833,N,N,1.0822e-08,,0.0,2000203.0,8.7657e-05,4.5508e-06,1653.874563924987,a0000203,,50775.0,,0.0,4.52806177665979,1.2198e-09,20190427.0,101.0,1.0225e-08,7.8748e-05,,4.1632e-08,0.0,24.052,,,2018-10-02,8.76,0.0,,DCX,2458600.5,2363.0,1.58749,,,0.05844043944337898,,20200717.0150478,203.0,MBA,0.293,2.73696615732363,3.347,347.7296698837594,262.6979308267192,Pompeja,3.171972712014381,2459047.5150478417,,0.702,?,2.577016652347981,59.60859784531512,2.323,0.2176706794169719,3.8892e-05,1879-09-26,,1.1256e-07,
0.00029974,76.983,58600.0,2.878154896085113,Otto Matic,0.45457,,2639.7299932179935,,,,,205 Martha,,1.0851e-05,J2000,,0.601,-2.964365722626882e+17,0.061,654.3465463,N,N,1.2313e-08,,2.286705587277764e+16,2000205.0,6.7838e-05,4.2866e-06,1690.941624914999,a0000205,,50778.0,,132.0064996608997,4.62954585876796,1.3662e-09,20190427.0,34.0,1.1883e-08,2.4111e-05,,3.8282e-08,0.0,14.911,,,2018-10-22,9.23,3.552603598838452e+17,,C,2458600.5,2254.0,1.68139,,Ch,0.036161307851643,,20180826.2675767,205.0,MBA,0.35,2.777709295141144,3.308,211.7902951450707,51.89042074690679,Martha,10.69505594971437,2458356.7675767355,,0.688,Ch,2.677263694197175,176.7311681514312,2.28894,0.212899129511994,6.3849e-05,1879-10-13,,1.075e-07,
0.00027369,113.0,58600.0,2.845851648026609,Otto Matic,0.48876,,2640.509998431222,,,,,206 Hersilia,,9.5894e-06,J2000,,,-9.37524485504722e+17,0.057,644.1892093,N,N,1.0975e-08,,7.23418146375259e+16,2000206.0,8.884e-05,4.4863e-06,1657.680851664306,a0000206,,50744.0,,132.04549992156112,4.53848282454293,1.2563e-09,20190427.0,89.0,1.0571e-08,6.5541e-05,,4.1053e-08,0.0,11.122,,,2018-09-19,8.68,1.1235634104727724e+18,,C,2458600.5,2521.0,1.65529,,C,0.03819100295916312,,20210417.6059326,206.0,MBA,0.345,2.74116385127116,3.346,145.0497290794129,203.288208657138,Hersilia,3.778695054021324,2459322.1059326087,,0.69,C,2.636476054515712,302.5465368240471,2.222,0.2171708743806512,5.9404e-05,1879-10-14,,1.1065e-07,
0.00021332,57.88,58600.0,2.349722191703427,Otto Matic,0.4572,,2651.657914323993,,,,,207 Hedda,,5.0932e-06,J2000,,0.149,-1.2598906588909691e+17,0.058,470.2535695,N,N,6.3297e-09,,9762685857660246.0,2000207.0,8.0364e-05,4.5748e-06,1260.47062736751,a0000207,,49715.0,,132.60289571619964,3.45098049929503,1.1541e-09,20190427.0,47.0,6.1516e-09,5.2498e-05,,4.1817e-08,0.0,30.098,,,2018-10-20,9.92,1.5098987465529994e+17,,C,2458600.5,2359.0,1.20835,,Ch,0.02894852733212773,,20190916.0613392,207.0,MBA,0.389,2.283614903260341,3.6,29.20562631088809,319.4262008276448,Hedda,3.803284949194947,2458742.5613391595,,0.722,Ch,2.217507614817255,194.0498835174329,2.61378,0.2856076073362051,6.092e-05,1882-09-08,,9.5243e-08,
0.00090114,40.056,58600.0,2.927647995268701,Otto Matic,0.48394,,2637.3629481800326,,,,,208 Lacrimosa,,1.1296e-05,J2000,,0.593,-8.355734577079747e+16,0.206,729.2539879,N,N,1.2272e-08,,7.330853766624692e-40,2000208.0,0.00023157,4.2644e-06,1796.501633391903,a0000208,,42972.0,,2.279873008753001e-50,4.91855341106613,1.26e-09,20190427.0,36.0,1.2123e-08,0.00014486,,4.0265e-08,0.0,14.085,,,2018-10-18,8.96,1.1399365043765005e-38,,S,2458600.5,2462.0,1.87387,,Sk,0.01227706819670192,,20180818.0721124,208.0,MBA,0.407,2.892140983183678,3.289,4.240067559288782,50.48369444804396,Lacrimosa,1.745379985026112,2458348.572112401,,0.841,Sk,2.856633971098655,107.9311910987914,2.05763,0.2003894643392549,0.00018062,1901-02-22,,1.1963e-07,
0.00028081,179.008,58600.0,3.324898480780046,Otto Matic,0.48359,,2632.8161058466976,,,,,209 Dido,,1.5061e-05,J2000,,1.06,65825649000.000015,0.028,765.2561046,N,N,1.6368e-08,,324779161.355052,2000209.0,6.1326e-05,5.6264e-06,2039.567101213315,a0000209,,50765.0,,131.65092326801488,5.58403039346561,1.3034e-09,20190427.0,93.0,1.5495e-08,3.5754e-05,,4.0301e-08,0.0,5.7366,,,2018-10-22,8.24,5058987840.0,,C,2458600.5,2211.0,1.96638,,Xc,0.05637636378321297,0.3062907,20170504.8639041,209.0,MBA,0.294,3.147456337315754,3.194,0.6687489996162888,127.4628299236538,Dido,7.170143597447964,2457878.363904056,,0.691,Xc,2.970014193851462,249.2125818799891,1.7181,0.1765080441755704,4.9661e-05,1879-10-26,,1.2545e-07,
0.00037988,24.957,58600.0,2.691967106588882,Otto Matic,0.48177,,2643.388409686603,,,,,214 Aschera,,8.5121e-06,J2000,,0.152,2.9180869754127036e+16,1.0,602.3495426,N,N,9.9142e-09,,144554525993625.72,2000214.0,0.00011848,5.0307e-06,1540.833643895657,a0000214,,50633.0,,132.18942048433016,4.21857260477935,1.2907e-09,20190427.0,32.0,9.6152e-09,7.7402e-05,,4.0117e-08,0.0,6.835,,0.51,2018-10-20,9.2,2242676942642106.5,,E,2458600.5,2244.0,1.54778,,Xc,0.03109385446851652,,20181102.6184788,214.0,MBA,0.217,2.610787655190199,3.406,341.9802330135603,40.97609621243685,Aschera,3.435962458682718,2458425.1184787787,,0.7,Xc,2.529608203791515,131.2326091443839,2.32265,0.2336397582089522,8.8764e-05,1880-03-04,,1.074e-07,
0.00029425,35.21,58600.0,2.862433008815309,Otto Matic,0.46645,,2639.94384953631,,,,,215 Oenone,,1.0657e-05,J2000,,0.395,-4.188327958018348e+16,0.243,646.9756665,N,N,1.2095e-08,,0.0,2000215.0,0.00014655,4.4418e-06,1681.455304871584,a0000215,,41209.0,,0.0,4.60357372997011,1.3569e-09,20190427.0,27.0,1.1693e-08,0.00013316,,4.1225e-08,0.0,27.937,,,2018-09-01,9.4,0.0,,S,2458600.5,2711.0,1.66245,,,0.03437352822883134,,20200107.3309606,215.0,MBA,0.451,2.767310773813675,3.337,24.93337236657256,305.3335776842119,Oenone,1.681815428413374,2458855.830960559,,0.845,?,2.672188538812041,315.6696338366808,2.26363,0.2141002493238998,6.2895e-05,1905-11-04,,1.1344e-07,
0.0002586,58.236,58600.0,2.760860348533356,Otto Matic,0.49518,,2642.6417722712504,,,,,224 Oceana,,8.6178e-06,J2000,,0.822,9.86152388722605e+17,0.166,591.6707178,N,N,1.0095e-08,,4441004036375604.5,2000224.0,7.1477e-05,4.8423e-06,1571.267640736955,a0000224,,43659.0,,132.15208861356254,4.30189634698687,1.2566e-09,20190427.0,45.0,9.6714e-09,4.0767e-05,,3.5677e-08,0.0,9.401,,,2018-09-18,8.59,6.891898579640623e+16,,M,2458600.5,2102.0,1.52034,,,0.04378234400457957,,20201114.4214581,224.0,MBA,0.201,2.645053697633002,3.384,352.7976288990391,229.9955885104989,Oceana,5.841812397476652,2459167.9214581293,,0.748,M,2.529247046732649,284.8518672917451,2.30053,0.2291143727946647,5.9261e-05,1899-03-07,,9.4309e-08,
0.00011941,111.332,58600.0,2.529014257615195,Otto Matic,0.51727,,2649.1061615056738,,,,,230 Athamantis,,3.5066e-06,J2000,,1.231,-13853700000.000002,0.164,485.5362754,N,N,4.4021e-09,,1.2208580226446076e-46,2000230.0,3.8432e-05,2.9409e-06,1343.055514310536,a0000230,,49679.0,,3.780000000000001e-57,3.67708559701721,6.9985e-10,20190427.0,89.0,4.1467e-09,2.1616e-05,,2.5869e-08,0.0,24.0055,,0.27,2018-09-16,7.35,1.8900000000000005e-45,,S,2458600.5,2264.0,1.24762,,Sl,0.06158372739143052,0.1261197,20190130.4019166,230.0,MBA,0.44,2.382303149869863,3.517,239.8533231715828,23.21222739835835,Athamantis,9.450958528646746,2458513.901916648,,0.871,Sl,2.235592042124531,140.127313868586,2.74816,0.2680455097828238,3.202e-05,1882-09-10,,6.1736e-08,
9.1759e-05,99.672,58600.0,2.923235616419476,Otto Matic,0.51235,,2642.6014049879277,,,,,233 Asterope,,6.3807e-06,J2000,,1.146,-1.2708269019388823e+18,0.094,544.7757328,N,N,7.8473e-09,,9.743223018786069e+16,2000233.0,3.5715e-05,3.4868e-06,1584.613807043335,a0000233,,44255.0,,132.1500702493964,4.33843615891399,9.148e-10,20190427.0,78.0,7.1407e-09,2.957e-05,,3.1998e-08,0.0,19.7,,,2018-10-24,8.21,1.5120529069375634e+18,,T,2458600.5,2311.0,1.39984,,K,0.09895644974682997,,20190405.4531045,233.0,MBA,0.321,2.660010428159287,3.366,221.9732394455603,4.895124815235615,Asterope,7.690880853549754,2458578.9531045295,,0.775,K,2.396785239899099,126.0276015594859,2.46504,0.2271846921943139,2.0852e-05,1897-08-24,,8.5785e-08,
0.00019618,57.517,58600.0,3.061046000209036,Otto Matic,0.45327,,2637.719452433433,,,,,235 Carolina,,1.1157e-05,J2000,,0.185,-1.8257078507726877e+17,0.177,657.2225126,N,N,1.2745e-08,,0.0,2000235.0,4.6271e-05,4.4993e-06,1786.459969194781,a0000235,,49158.0,,0.0,4.89106083283992,1.2585e-09,20190427.0,53.0,1.1997e-08,2.6127e-05,,3.7387e-08,0.0,17.61,,,2018-09-16,8.9,0.0,,S,2458600.5,2562.0,1.68878,,,0.06236384299345296,,20190112.4828155,235.0,MBA,0.541,2.881353709839973,3.273,66.01171842184631,21.06186931393965,Carolina,9.03212769350399,2458495.9828155395,,0.897,?,2.70166141947091,207.7939328032872,1.99762,0.2015158504571834,3.9562e-05,1884-02-13,,1.1063e-07,
0.00016012,41.08,58600.0,2.959788051723528,Otto Matic,0.44499,,2640.1764317848333,,,,,237 Coelestina,,1.0276e-05,J2000,,1.4,-9.01307957939369e+16,0.2108,603.99184,N,N,1.2085e-08,,7.91600710547314e-40,2000237.0,4.2952e-05,4.7229e-06,1677.798503816727,a0000237,,49055.0,,2.4592304445821805e-50,4.59356195432369,1.3141e-09,20190427.0,30.0,1.1282e-08,2.632e-05,,4.0152e-08,0.0,29.215,,,2018-10-18,9.24,1.2296152222910902e-38,,S,2458600.5,2397.0,1.552,,S,0.07110742213207089,,20171213.089798,237.0,MBA,0.413,2.763297117138805,3.316,84.24547641019389,107.2641752392116,Coelestina,9.747881285742668,2458100.5897979736,,0.787,S,2.566806182554081,199.8595179441039,2.13966,0.2145668858215434,3.435e-05,1884-06-27,,1.1071e-07,
0.00011624,155.659,58600.0,3.167422443402757,Otto Matic,0.49866,,2637.3759229117627,,,,,238 Hypatia,,1.027e-05,J2000,,0.751,-31226574165.000004,0.039,645.1971596,N,N,1.1979e-08,,2406663331.7914734,2000238.0,2.9989e-05,3.6194e-06,1810.3744632163,a0000238,,46235.0,,131.88879614558815,4.9565351491206,1.1281e-09,20190427.0,81.0,1.0994e-08,1.9736e-05,,3.5202e-08,0.0,8.8749,,,2018-10-19,8.18,37423061166.57862,,C,2458600.5,2391.0,1.65788,,Ch,0.08958052212410189,0.2896582475,20190313.0792252,238.0,MBA,0.383,2.907010890051494,3.244,183.8817913038621,8.932670697477583,Hypatia,12.4111444750371,2458555.579225225,,0.739,Ch,2.646599336700231,210.742282334997,2.27784,0.1988538875876685,2.3123e-05,1892-03-18,,1.0575e-07,
0.00020499,32.0,58600.0,2.983690753013584,Otto Matic,0.4709,,2638.051504741382,,,,,243 Ida,,5.7378e-06,J2000,,,-277074000000000.03,0.262,682.2500353,N,N,6.4581e-09,,2.4315268225284355e-42,2000243.0,0.00015723,2.8423e-06,1767.279850849334,a0000243,,48850.0,,7.560000000000001e-53,4.83854853073055,6.6136e-10,20190427.0,142.0,6.1918e-09,0.00015233,,3.0163e-08,0.0,4.634,,,2018-10-18,9.94,3.7800000000000007e-41,,S,2458600.5,3484.0,1.75309,59.8x25.4x18.6,S,0.04299575837606773,0.0025223940000000003,20201209.5914365,243.0,MBA,0.416,2.860693084369927,3.3,323.6345161883295,239.2874161650119,Ida,1.1301940953274,2459193.091436543,,0.802,S,2.737695415726269,114.1360307573902,2.12215,0.2037028826119351,4.1694e-05,1885-01-18,,8.7554e-08,
0.00011724,50.12,58600.0,2.633643502572971,Otto Matic,0.4383,,2646.860128004144,,,,,248 Lameia,,5.5808e-06,J2000,,0.311,-1.2080246398282133e+17,0.062,503.2824274,N,N,6.9061e-09,,0.0,2000248.0,5.7922e-05,3.785e-06,1418.812918603957,a0000248,,48712.0,,0.0,3.88449806599304,9.9804e-10,20190427.0,88.0,6.4798e-09,5.0175e-05,,3.4235e-08,0.0,11.912,,,2018-10-19,10.2,0.0,,,2458600.5,2830.0,1.29322,,,0.06579214653423951,,20170813.1627483,248.0,MBA,0.34,2.471066718906774,3.478,246.7911039629302,157.7807811607027,Lameia,4.06101085152142,2457978.662748283,,0.83,?,2.308489935240577,10.98411029413999,2.39063,0.2537332408519529,2.9774e-05,1885-06-06,,8.4925e-08,
0.00011971,27.495,58600.0,3.401022448649895,Otto Matic,0.47911,,2633.9394565136713,,,,,251 Sophia,,1.3442e-05,J2000,,0.197,-1.994361021978778e+16,0.234,712.7959886,N,N,1.5312e-08,,0.0,2000251.0,3.0351e-05,4.3441e-06,1990.450950185744,a0000251,,48477.0,,0.0,5.44955770071388,1.2214e-09,20190427.0,37.0,1.3942e-08,2.1353e-05,,3.5748e-08,0.0,20.216,,,2018-06-26,9.9,0.0,,,2458600.5,2380.0,1.83158,,,0.09826580829401665,,20170628.2218096,251.0,MBA,,3.096720687255892,3.19,156.1391401310355,120.7767257611809,Sophia,10.50907525327953,2457932.7218095786,,,?,2.792418925861889,285.9184717159721,1.82986,0.1808635374644151,2.1841e-05,1885-10-04,,1.0899e-07,
0.00020643,65.344,58600.0,3.369772787041794,Otto Matic,0.48645,,2632.644139352962,,,,,252 Clementina,,1.6735e-05,J2000,,0.312,-2.6770701637996214e+17,0.047,759.0916518,N,N,1.832e-08,,0.0,2000252.0,4.1082e-05,4.8422e-06,2052.152613738994,a0000252,,48579.0,,0.0,5.6184876488405,1.4305e-09,20190427.0,33.0,1.7181e-08,2.2893e-05,,4.0625e-08,0.0,10.864,,,2018-10-15,9.7,0.0,,,2458600.5,2484.0,1.95054,,,0.06625185555062756,,20200314.4052015,252.0,MBA,,3.160391017844087,3.178,201.9574947749712,303.4418903560006,Clementina,10.03542571215526,2458922.9052014835,,,?,2.95100924864638,158.6317325350526,1.98956,0.1754255495375098,3.6064e-05,1885-10-13,,1.2931e-07,
0.00012112,56.939,58600.0,2.962224622452527,Otto Matic,0.46227,,2640.587555347966,,,,,255 Oppavia,,9.6225e-06,J2000,,0.474,-1.7712183878181254e+17,0.038,598.5940521,N,N,1.1433e-08,,0.0,2000255.0,3.5337e-05,4.8795e-06,1662.055254017413,a0000255,,48372.0,,0.0,4.55045928546862,1.254e-09,20190427.0,29.0,1.0599e-08,2.349e-05,,4.3503e-08,0.0,19.499,,,2018-09-08,10.39,0.0,,X,2458600.5,2307.0,1.53813,,,0.07874790945516877,,20171029.3481637,255.0,MBA,0.275,2.745984114072235,3.324,13.6086243692952,117.971204981909,Oppavia,9.463294380863758,2458055.848163714,,0.764,?,2.529743605691943,155.7228618123896,2.00429,0.2165992972434768,2.6251e-05,1886-04-01,,1.1889e-07,
0.00017025,66.634,58600.0,3.198781295035392,Otto Matic,0.42036,,2635.4616337252614,,,,,256 Walpurga,,1.3416e-05,J2000,,0.422,-2.8387703407506218e+17,0.05,705.4912677,N,N,1.507e-08,,0.0,2000256.0,3.7391e-05,4.5172e-06,1898.44922090772,a0000256,,48410.0,,0.0,5.19767069379253,1.3401e-09,20190427.0,34.0,1.4136e-08,1.7908e-05,,3.9305e-08,0.0,16.664,,,2018-10-18,9.9,0.0,,,2458600.5,2249.0,1.81281,,,0.06606620350647649,,20211124.3274917,256.0,MBA,,3.000546574419155,3.209,182.93346401,181.3078900063688,Walpurga,13.324996100364,2459542.827491666,,,?,2.802311853802918,47.0982363090116,1.79761,0.1896284588680599,3.2192e-05,1886-04-03,,1.1737e-07,
9.2441e-05,50.011,58600.0,2.539082762915289,Otto Matic,0.45931,,2650.5859249044724,,,,,261 Prymno,,5.9007e-06,J2000,,0.525,2.3479259626974826e+17,0.137,442.1866291,N,N,7.6797e-09,,1060535295729048.0,2000261.0,6.3938e-05,4.3365e-06,1300.603010525457,a0000261,,37006.0,,132.54929624522364,3.5608569761135,1.2558e-09,20190427.0,100.0,7.0528e-09,5.8812e-05,,3.4609e-08,0.0,8.002,,0.19,2018-10-22,9.44,1.6408891559221146e+16,,B,2458600.5,2186.0,1.13623,,X,0.08887820523654112,,20191014.8897567,261.0,MBA,0.299,2.331833579462374,3.562,96.62985524561074,312.6986237179785,Prymno,3.635933200701874,2458771.389756651,,0.7,X,2.124584396009459,65.79300459771886,2.43761,0.276794684532182,2.5533e-05,1917-06-28,,7.974e-08,
0.00012784,23.952,58600.0,3.11084742224339,Otto Matic,0.46381,,2637.6929478989227,,,,,263 Dresda,,1.0348e-05,J2000,,0.213,-1.7865173975683562e+16,0.198,647.5710966,N,N,1.1978e-08,,1.5675864754914902e-40,2000263.0,0.00017251,4.0953e-06,1791.585238347339,a0000263,,44069.0,,4.874535873310659e-51,4.90509305502352,1.1606e-09,20190427.0,34.0,1.1116e-08,0.00017067,,3.7129e-08,0.0,16.809,,,2018-10-19,10.2,2.4372679366553294e-39,,,2458600.5,2750.0,1.66398,,S,0.07758783116668061,,20190121.1283301,263.0,MBA,,2.886862056409215,3.287,216.1692078861964,19.26439247160454,Dresda,1.320412494156264,2458504.6283300617,,,S,2.66287669057504,162.6950080400183,2.29041,0.2009393649235939,2.5701e-05,1898-02-21,,1.0931e-07,
0.00011218,55.998,58600.0,3.04920684710392,Otto Matic,0.44392,,2640.1002695178386,,,,,267 Tirza,,1.0648e-05,J2000,,0.637,-1.1625427850659659e+17,0.051,578.2171109,N,N,1.2817e-08,,2348321327.0569334,2000267.0,4.7487e-05,4.2262e-06,1688.839589978755,a0000267,,40527.0,,132.02501347589194,4.62379080076319,1.344e-09,20190427.0,98.0,1.1666e-08,4.1823e-05,,3.7371e-08,0.0,7.648,,,2018-10-22,10.2,36478175326.70386,,DU,2458600.5,2398.0,1.48577,,D,0.09865221786662921,,20210814.9208952,267.0,MBA,,2.775406809831861,3.32,73.74746808839147,180.745839890341,Tirza,6.003220181022836,2459441.420895171,,,D,2.501606772559802,196.6117503696404,2.02394,0.2131641170281475,2.3633e-05,1907-11-07,,1.0405e-07,
0.00041389,26.87,58600.0,2.85526121882749,Otto Matic,0.44361,,2639.654530724155,,,,,272 Antonia,,1.0495e-05,J2000,,0.286,3.641587768137872e+16,0.128,671.7735789,N,N,1.1798e-08,,163808605967314.94,2000272.0,0.00010355,4.3639e-06,1693.265587066148,a0000272,,36496.0,,132.00272653620775,4.63590852037275,1.3178e-09,20190427.0,34.0,1.1488e-08,5.4265e-05,,3.4811e-08,0.0,3.8548,,,2018-08-08,10.6,2544987352246401.5,,,2458600.5,2550.0,1.72617,,X,0.02697863749615444,,20170418.4158527,272.0,MBA,,2.78025376047628,3.329,37.3851064074602,157.0281089166304,Antonia,4.434085434350087,2457861.915852693,,,X,2.70524630212507,67.77596647650765,2.16522,0.2126069310980076,8.8e-05,1918-09-06,,9.5745e-08,
0.00020555,114.723,58600.0,3.326642265951929,Otto Matic,0.47375,,2633.394153205908,,,,,276 Adelheid,,1.4859e-05,J2000,,3.276,-1.4487521429562606e+18,0.051,784.3604599,N,N,1.6396e-08,,0.0,2000276.0,3.7128e-05,4.7945e-06,2009.774906834981,a0000276,,43621.0,,0.0,5.5024638106365,1.3243e-09,20190427.0,46.0,1.5362e-08,1.1081e-05,,4.1559e-08,0.0,6.315,,,2018-10-18,8.6,0.0,,X,2458600.5,2299.0,2.01547,,,0.06734979897286078,,20181214.0836414,276.0,MBA,0.271,3.116731055885564,3.105,211.1575797708878,23.98770575043964,Adelheid,21.61318154898916,2458466.5836414173,,0.708,?,2.9068198458192,265.1803815571449,1.86781,0.1791245371686587,3.6873e-05,1899-05-14,,1.3291e-07,
0.00011108,30.422,58600.0,3.150057426969029,Otto Matic,0.48754,,2637.8267040464834,,,,,277 Elvira,,1.2195e-05,J2000,,0.075,-2.7015057212171e+16,0.196,629.6147928,N,N,1.431e-08,,0.0,2000277.0,0.00023728,4.6431e-06,1789.698591818642,a0000277,,43533.0,,0.0,4.89992769833988,1.3707e-09,20190427.0,27.0,1.3105e-08,0.00023619,,4.8151e-08,0.0,29.69,,,2018-10-16,9.84,0.0,,S,2458600.5,2346.0,1.61784,,,0.0919367721488632,,20171106.7734395,277.0,MBA,0.436,2.884835008138716,3.286,231.2547892456737,107.8626102996754,Elvira,1.162743476632869,2458064.2734395466,,0.806,?,2.619612589308403,137.1799552494225,2.30573,0.2011511891698914,2.2355e-05,1899-08-08,,1.4227e-07,
0.00048755,126.59,58600.0,4.455311368516865,Otto Matic,0.47042,,2618.608741765284,,,,,279 Thule,,3.5443e-05,J2000,,3.7,3.807903920519752e+18,0.0412,1217.5144533,N,N,3.2511e-08,,1.69924279262139e+16,2000279.0,0.00011437,3.8205e-06,3238.036319941973,a0000279,,46688.0,,130.9504370882642,8.86526028731546,1.2169e-09,20190427.0,43.0,3.1257e-08,0.00010108,,3.6108e-08,0.0,23.896,,,2018-10-10,8.57,2.6612203064510483e+17,,D,2458600.5,2619.0,3.12849,,X,0.04013378169514119,,20230618.6399967,279.0,OMB,0.232,4.283402238177374,3.026,71.96665090456301,191.7157854365948,Thule,2.335778756901431,2460114.139996748,,0.746,X,4.111493107837885,23.16862160918464,0.648434,0.1111784935156167,5.3697e-05,1890-12-12,,1.6318e-07,
0.00010809,39.03,58600.0,2.528094638681751,Otto Matic,0.42817,,2650.3167780751883,,,,,282 Clorinde,,6.0978e-06,J2000,,1.0,-2.7268678932529696e+16,0.0502,461.1820168,N,N,7.8605e-09,,2983663712341600.5,2000282.0,3.77e-05,4.5243e-06,1307.465027646036,a0000282,,43766.0,,132.5358389037594,3.57964415508839,1.2842e-09,20190427.0,76.0,7.2757e-09,2.37e-05,,3.3291e-08,0.0,6.42,,,2018-08-18,10.91,4.616874740683994e+16,,BFU,2458600.5,2381.0,1.18504,,B,0.0803692754526572,,20201226.7522366,282.0,MBA,0.274,2.340028262672057,3.544,144.9000516025748,192.1096162834263,Clorinde,9.032816293064855,2459210.2522366317,,0.628,B,2.151961886662364,296.647875255573,2.61888,0.2753419727395272,2.958e-05,1898-10-20,,7.7356e-08,
0.0005158,94.3,58600.0,3.285772186870251,Otto Matic,0.49536,,2631.9198073344446,,,,,286 Iclea,,1.7589e-05,J2000,,2.6,-5.448567892729591e+17,0.0508,818.7591962,N,N,1.8466e-08,,4.1905785190488456e+16,2000286.0,8.819e-05,5.1073e-06,2086.525985120893,a0000286,,43925.0,,131.61599036672223,5.71259681073482,1.4545e-09,20190427.0,30.0,1.7959e-08,1.5056e-05,,4.6053e-08,0.0,15.365,,,2018-05-25,9.0,6.529761748517951e+17,,CX,2458600.5,2089.0,2.10386,,Ch,0.02822273403703002,,20210623.8131913,286.0,MBA,0.328,3.195584067636379,3.119,149.0875938714179,223.9016475748768,Iclea,17.89769806987958,2459389.3131912975,,0.69,Ch,3.105395948402507,211.6740075296417,1.88862,0.1725355938853269,8.8686e-05,1898-02-18,,1.4358e-07,
0.00021163,59.615,58600.0,2.40767388867861,Otto Matic,0.47882,,2649.7705069933277,,,,,287 Nephthys,,3.8846e-06,J2000,,1.284,-2.032868332054079e+17,0.238,504.0996844,N,N,4.7301e-09,,0.0,2000287.0,5.9741e-05,3.115e-06,1318.202281327524,a0000287,,44606.0,,0.0,3.60904115353189,8.0479e-10,20190427.0,111.0,4.6223e-09,1.5642e-05,,3.1899e-08,0.0,7.605,,0.22,2018-09-11,8.3,0.0,,S,2458600.5,3008.0,1.29532,,,0.02331319662863837,,20181128.482414,287.0,MBA,0.49,2.352822084783841,3.535,142.3263511218072,40.83313442050073,Nephthys,10.03469243144717,2458450.9824140365,,0.873,?,2.297970280889073,119.0241213357007,2.61254,0.2730992087477304,5.7823e-05,1896-07-26,,7.6382e-08,
8.5688e-05,10.456,58600.0,2.426333025571976,Otto Matic,0.42688,,2653.6426874498584,,,,,291 Alice,,4.9982e-06,J2000,,0.419,-1096830022149546.2,0.425,401.7479744,N,N,6.6831e-09,,0.0,2000291.0,0.00012632,3.9741e-06,1209.744239551481,a0000291,,46427.0,,0.0,3.31209921848455,1.2295e-09,20190427.0,30.0,6.1201e-09,0.00012384,,3.2814e-08,0.0,4.313,,,2018-10-18,11.45,0.0,,,2458600.5,2691.0,1.03232,,,0.09199416802090096,,20181031.5226064,291.0,MBA,,2.221928556605199,3.643,161.6502261825435,52.81435497121253,Alice,1.855548892285997,2458423.022606411,,,?,2.017524087638423,331.6159426225994,2.59198,0.2975835620705016,2.5569e-05,1891-09-07,,7.3724e-08,
0.00031856,30.864,58600.0,2.616801846718776,Otto Matic,0.42443,,2645.28833509185,,,,,292 Ludovica,,8.6038e-06,J2000,,0.089,-2.8209749944680612e+16,0.187,575.5084877,N,N,1.0208e-08,,0.0,2000292.0,7.793e-05,5.0063e-06,1470.321187803519,a0000292,,46339.0,,0.0,4.02552002136487,1.4328e-09,20190427.0,31.0,9.8718e-09,1.9907e-05,,5.7651e-08,0.0,8.93,,,2018-07-12,9.9,0.0,,,2458600.5,1872.0,1.47881,,,0.03409787365415032,,20200415.1947058,292.0,MBA,0.44,2.530516611035943,3.403,43.53245505902816,273.2773878677602,Ludovica,14.89404786752504,2458954.694705777,,0.86,?,2.444231375353111,285.5187440956583,2.47969,0.2448444618674075,7.7832e-05,1891-08-28,,1.4405e-07,
7.823e-05,21.135,58600.0,2.481587821857306,Otto Matic,0.46855,,2652.487416669043,,,,,298 Baptistina,,5.0924e-06,J2000,,0.368,-9058355527499830.0,0.131,413.9056452,N,N,6.7714e-09,,0.0,2000298.0,4.0458e-05,4.7015e-06,1244.191092815982,a0000298,,46082.0,,0.0,3.40640956280899,1.1843e-09,20190427.0,34.0,6.1774e-09,3.3062e-05,,3.7193e-08,0.0,16.23,,,2018-05-20,11.2,0.0,,,2458600.5,2155.0,1.06356,,,0.09615139745818581,,20180102.3922313,298.0,MBA,,2.263909736932092,3.604,8.171415610714682,138.7719279950614,Baptistina,6.285084109314272,2458120.8922312655,,,?,2.046231652006878,135.2577547916515,2.51918,0.2893446208373112,2.2641e-05,1892-03-19,,8.4601e-08,
0.00011975,15.757,58600.0,2.583867962442244,Otto Matic,0.44133,,2647.782894603541,,,,,299 Thora,,6.3865e-06,J2000,,0.081,-3753731550522497.5,0.251,501.5194873,N,N,7.9334e-09,,0.0,2000299.0,0.00013509,3.648e-06,1386.707536812434,a0000299,,31394.0,,0.0,3.79659832118394,1.1956e-09,20190427.0,36.0,7.4722e-09,0.00013173,,3.3922e-08,0.0,272.9,,,2018-10-18,11.3,0.0,,,2458600.5,2524.0,1.28869,,,0.06172656647429093,,20191217.8523796,299.0,MBA,,2.433647272312848,3.503,241.4812801730318,299.0305061470764,Thora,1.60632527804036,2458835.3523795595,,,?,2.283426582183452,152.0503017047421,2.65756,0.2596077330245978,3.1013e-05,1932-11-04,,8.3411e-08,
0.00020674,67.373,58600.0,3.38768538344375,Otto Matic,0.49545,,2631.8617842290755,,,,,300 Geraldina,,1.4989e-05,J2000,,0.086,-2.934271288043498e+17,0.052,785.9716237,N,N,1.6154e-08,,0.0,2000300.0,0.00032455,4.3816e-06,2095.596937257531,a0000300,,43198.0,,0.0,5.73743172418215,1.2288e-09,20190427.0,32.0,1.5282e-08,0.00032249,,4.0092e-08,0.0,6.8423,,,2018-09-11,9.8,0.0,,,2458600.5,2570.0,2.01961,,,0.05705321520043134,,20170428.6258079,300.0,OMB,,3.204839013522513,3.191,42.66002109628563,125.1264995098621,Geraldina,0.7317912119936766,2457872.1258079372,,,?,3.021992643601275,324.941241587332,1.93249,0.1717887603286562,3.561e-05,1900-06-04,,1.3183e-07,
0.00012692,53.042,58600.0,2.910100503904074,Otto Matic,0.47009,,2640.9515807761413,,,,,301 Bavaria,,8.1862e-06,J2000,,0.426,-9.696320502594158e+16,0.057,595.2432984,N,N,9.6602e-09,,7483182970867570.0,2000301.0,4.9543e-05,3.823e-06,1644.031522196994,a0000301,,46564.0,,132.06757903880708,4.50111299711703,1.0903e-09,20190427.0,79.0,9.0494e-09,4.1138e-05,,3.3654e-08,0.0,12.253,,,2018-07-08,10.3,1.1620422827747987e+17,,,2458600.5,2653.0,1.52952,,C,0.06749744893297678,,20190816.0140556,301.0,MBA,,2.726095979726117,3.348,142.3412248250288,335.6908188961677,Bavaria,4.894356236672182,2458711.514055593,,,C,2.54209145554816,124.9440539292628,2.14758,0.2189739035653743,2.779e-05,1891-01-11,,9.2608e-08,
0.00024318,124.923,58600.0,3.313724209646058,Otto Matic,0.48473,,2633.2288131652726,,,,,303 Josephina,,1.3393e-05,J2000,,0.952,-1.8705521523596096e+18,0.034,759.6014645,N,N,1.4667e-08,,0.0,2000303.0,5.6809e-05,5.2148e-06,2017.193416199263,a0000303,,46507.0,,0.0,5.52277458233884,1.1849e-09,20190427.0,28.0,1.3829e-08,3.5509e-05,,4.0773e-08,0.0,12.497,,,2018-07-11,8.9,0.0,,,2458600.5,2417.0,1.95185,,,0.0605967303408451,,20160814.913284,303.0,MBA,,3.124396026170214,3.201,343.9650270832676,175.8042708867706,Josephina,6.868983755506133,2457615.413283965,,,?,2.935067842694369,64.18048162733942,1.94204,0.1784657817683648,4.3508e-05,1891-03-12,,1.251e-07,
0.00023581,128.578,58600.0,2.861009463293371,Otto Matic,0.49043,,2640.3382301271226,,,,,308 Polyxo,,6.792e-06,J2000,,1.557,-1.1538841082489096e+18,0.047,632.5530263,N,N,7.7793e-09,,148331204949.30914,2000308.0,6.8321e-05,3.5477e-06,1665.282050275671,a0000308,,46461.0,,132.03691150635615,4.55929377214421,8.8171e-10,20190427.0,86.0,7.4762e-09,4.7549e-05,,3.2245e-08,0.0,12.029,,0.21,2018-06-20,8.17,2303928335937.9224,,T,2458600.5,2634.0,1.62539,,T,0.04054223250109497,,20200326.9356306,308.0,MBA,0.379,2.749537091268768,3.341,181.7212102123412,287.5937508586749,Polyxo,4.360810865470317,2458935.435630619,,0.783,T,2.638064719244166,114.5814678465263,2.21047,0.2161795954867858,5.0929e-05,1891-04-06,,8.9977e-08,
0.0046557,26.3,58600.0,2.906669226301719,Otto Matic,0.44661,,2637.2207171374316,,,,,311 Claudia,,1.1216e-05,J2000,,0.378,-1.745459800571617e+16,0.322,733.4803741,N,N,1.2054e-08,,0.0,2000311.0,0.00093421,4.4683e-06,1803.002977966668,a0000311,,42314.0,,0.0,4.93635312242756,1.242e-09,20190427.0,35.0,1.2023e-08,7.8022e-05,,3.8339e-08,0.0,7.532,,,2018-07-12,10.0,0.0,,S,2458600.5,2863.0,1.88473,,,0.002605927512915229,,20180501.2224148,311.0,MBA,0.437,2.899114344468381,3.285,81.0093761946597,72.03533895841973,Claudia,3.227251796179564,2458239.7224148307,,0.843,?,2.891559462635044,79.38428949912247,2.05351,0.1996668915133956,0.00092952,1902-09-05,,1.1212e-07,
0.00010342,18.648,58600.0,2.481184147722871,Otto Matic,0.47457,,2651.790789830769,,,,,317 Roxane,,4.7461e-06,J2000,,0.162,1.2172633993383112e+16,0.926,421.0079977,N,N,6.2159e-09,,55007595700078.586,2000317.0,0.00014564,4.016e-06,1262.98460685495,a0000317,,46362.0,,132.60953949153847,3.45786340001355,1.0711e-09,20190427.0,34.0,5.7285e-09,0.00014301,,3.6621e-08,0.0,8.169,,,2018-08-18,10.03,850705832981360.8,,E,2458600.5,2659.0,1.08181,,Xe,0.085073717223306,,20190829.2763478,317.0,MBA,0.238,2.286650306185832,3.596,151.3516731402414,324.5763812512884,Roxane,1.765677271141873,2458724.776347774,,0.694,Xe,2.092116464648792,186.7280202438653,2.78139,0.2850391034428062,2.9425e-05,1891-09-11,,8.3372e-08,
0.00015917,85.0,58600.0,3.466013276550538,Otto Matic,0.4646,,2632.167222667047,,,,,318 Magdalena,,1.493e-05,J2000,,,-5.892497172028396e+17,0.054,763.240204,N,N,1.6535e-08,,0.0,2000318.0,3.378e-05,4.5371e-06,2086.360081596482,a0000318,,46411.0,,0.0,5.71214259163992,1.2348e-09,20190427.0,30.0,1.5244e-08,2.1075e-05,,3.5564e-08,0.0,42.49,,,2018-10-19,9.4,0.0,,CXF,2458600.5,2492.0,1.9612,,,0.084683407298206,,20191008.3800479,318.0,MBA,0.29,3.195414674207924,3.163,161.5003206482956,331.6363355626431,Magdalena,10.6542827159005,2458764.8800479164,,0.685,?,2.92481607186531,296.2732352632233,1.68522,0.1725493135990831,2.7403e-05,1891-09-24,,1.1574e-07,
0.00025741,27.974,58600.0,3.020010643379601,Otto Matic,0.45421,,2637.574090516593,,,,,321 Florentina,,1.1115e-05,J2000,,0.103,-2.8460702292154944e+16,0.425,687.3287038,N,N,1.2501e-08,,2.497182600784188e-40,2000321.0,0.000111,4.4877e-06,1790.203327423197,a0000321,,45931.0,,7.765539506727135e-51,4.90130958911211,1.2486e-09,20190427.0,32.0,1.1944e-08,9.8116e-05,,3.733e-08,0.0,2.871,,,2018-10-19,10.1,3.8827697533635673e-39,,S,2458600.5,2494.0,1.76614,,S,0.04666054058446874,,20191026.9244733,321.0,MBA,0.41,2.885377375259784,3.29,40.22462356670792,323.2148988923905,Florentina,2.587285652958599,2458783.42447334,,0.792,S,2.750744107139967,36.24911563941065,2.09894,0.2010944759655769,5.1737e-05,1893-01-16,,1.0895e-07,
0.00019105,30.291,58600.0,2.945143180632878,Otto Matic,0.48777,,2639.858227739508,,,,,327 Columbia,,1.026e-05,J2000,,4.049,-3.613455691843529e+16,0.214,622.1738624,N,N,1.1924e-08,,3.173243196268367e-40,2000327.0,5.1351e-05,4.7823e-06,1689.360597553024,a0000327,,46199.0,,9.859360687158334e-51,4.6252172417605,1.2942e-09,20190427.0,27.0,1.1239e-08,3.3037e-05,,4.0134e-08,0.0,5.932,,,2018-09-18,9.9,4.929680343579167e-39,,,2458600.5,2314.0,1.59872,,Sl,0.06093910537608822,,20180623.3905579,327.0,MBA,,2.775977589768327,3.321,354.773014165359,65.5510725838881,Columbia,7.141160348079631,2458292.890557915,,,Sl,2.606811998903775,307.049929478731,2.22617,0.2130983761083611,4.0752e-05,1892-03-23,,1.124e-07,
0.00032005,81.057,58600.0,2.537687030564084,Otto Matic,0.44895,,2646.578226085285,,,,,329 Svea,,5.8667e-06,J2000,,0.5,-3.4603407467090765e+17,0.039,557.5288337,N,N,6.9704e-09,,2.6762246403722484e+16,2000329.0,8.2897e-05,3.4559e-06,1423.916710588849,a0000329,,46232.0,,132.34891130426428,3.89847148689623,1.0417e-09,20190427.0,51.0,6.8037e-09,1.4073e-05,,3.3563e-08,0.0,22.778,,,2018-10-19,9.6,4.146998090057636e+17,,C,2458600.5,2546.0,1.43261,,,0.02450469625457035,,20170527.550802,329.0,MBA,0.331,2.476989163486974,3.428,178.4776067194702,176.8373876127721,Svea,15.87847294507649,2457901.0508020036,,0.698,C,2.416291296409864,54.45666737824668,2.43812,0.2528237763647882,8.0937e-05,1892-03-21,,8.5596e-08,
0.00012178,74.92,58600.0,3.32395328626774,Otto Matic,0.4899,,2635.134241650919,,,,,331 Etheridgea,,1.3696e-05,J2000,,2.7,-2.7323768350902368e+17,0.0447,673.6182447,N,N,1.5761e-08,,2.1040802614341156e+16,2000331.0,4.5237e-05,4.434e-06,1925.728447478252,a0000331,,46070.0,,131.77671208254597,5.27235714573101,1.3296e-09,20190427.0,30.0,1.4363e-08,3.9944e-05,,4.1052e-08,0.0,25.315,,,2018-05-22,9.62,3.2745796861807123e+17,,CX,2458600.5,2531.0,1.73091,,C,0.09729609160037707,,20200718.9235901,331.0,MBA,0.298,3.029221840588025,3.228,21.96098045329174,276.077216055541,Etheridgea,6.037948614161587,2459049.423590093,,0.698,C,2.734490394908309,332.7798855919672,2.1113,0.1869422453988366,2.2533e-05,1892-04-02,,1.2194e-07,
0.00011299,40.37,58600.0,3.017074165726557,Otto Matic,0.4857,,2640.0668731469827,,,,,332 Siri,,9.4383e-06,J2000,,1.8,1.2349916763964251e+17,0.1719,591.1998221,N,N,1.1253e-08,,555619909675834.6,2000332.0,8.8651e-05,4.269e-06,1686.951768612115,a0000332,,46237.0,,132.02334365734916,4.61862222754857,1.194e-09,20190427.0,34.0,1.0344e-08,8.5445e-05,,3.9741e-08,0.0,8.0074,,,2018-10-22,9.7,8630955497100862.0,,,2458600.5,2644.0,1.51913,,Xk,0.0878854294856022,,20181028.3780406,332.0,MBA,,2.773338151199576,3.329,31.56669052343424,38.54520716367622,Siri,2.845233455589225,2458419.878040566,,,Xk,2.529602136672595,297.4137503949224,2.25934,0.2134026631337412,2.4115e-05,1892-03-19,,1.1127e-07,
0.00072035,198.77,58600.0,3.981728478894334,Otto Matic,0.48923,,2622.635948674918,,,,,,334 Chicago (1892 L),,2.9161e-05,J2000,,5.668,-5.102697249939099e+18,0.041,1083.0406515,N,N,2.7619e-08,,4.009726636201235e+17,2000334.0,0.00010798,4.8999e-06,2802.67634137132,a0000334,,45905.0,,131.1517974337459,7.67330962729999,1.3365e-09,20190427.0,151.0,2.6985e-08,5.8292e-05,,4.7922e-08,0.0,7.361,1892 L,,2018-05-01,7.7,6.115257802216338e+18,,C,2458600.5,2498.0,2.78295,,11.703702,0.02350183978594606,,20211201.1291744,334.0,OMB,0.358,3.890299288301297,3.061,130.1632277567021,238.0856363100648,Chicago,4.64311196020263,2459549.6291744085,,0.736,C,3.79887009770826,148.7710594999281,1.07555,0.1284486526988185,9.2311e-05,1892-08-24,,1.8089e-07
7.8243e-05,67.513,58600.0,2.466438860656782,Otto Matic,0.4597,,2669.928993023697,Xk,,,,,336 Lacadiera (1892 D),,4.6684e-06,J2000,,0.903,5.776303478404012e+17,0.044,398.043076,N,N,6.2209e-09,,3508416732592722.0,2000336.0,4.0607e-05,4.2616e-06,1233.93061464932,a0000336,,46050.0,,133.51644965118484,3.37831790458404,1.1038e-09,20190427.0,98.0,5.6787e-09,3.4613e-05,,3.5195e-08,0.0,13.7,1892 D,,2018-10-20,9.76,4.036870791334043e+16,,D,2458600.5,2495.0,1.0228,,8.98915,0.09549099671335459,,20200418.8891868,336.0,MBA,0.273,2.251446034751985,3.614,235.0379504676702,255.5856141964089,Lacadiera,5.65363979589839,2458958.3891868135,,0.733,Xk,2.036453208847188,31.40569191089063,2.58439,0.2917506022835092,2.2739e-05,1892-09-20,,7.9211e-08
0.00054816,50.506,58600.0,2.975992432408987,Otto Matic,0.51309,,2638.67762330519,Xk,,,,,338 Budrosa (1892 F),,1.0563e-05,J2000,,0.479,2.4183363595153088e+17,0.276,723.8834419,N,N,1.155e-08,,1225833553622499.0,2000338.0,0.00011825,4.8718e-06,1814.393008584375,a0000338,,46041.0,,131.9538811652595,4.96753732671971,1.1551e-09,20190427.0,73.0,1.1299e-08,4.2739e-05,,4.2885e-08,0.0,4.6084,1892 F,,2018-10-18,8.5,1.6900966941657e+16,,M,2458600.5,1938.0,1.86007,,10.645146,0.02221723233930833,,20170515.1077419,338.0,MBA,0.247,2.911311156043156,3.275,287.4230285562193,141.2490081876822,Budrosa,6.050032789052418,2457888.6077418746,,0.704,Xk,2.846629879677325,110.1174315995732,2.15134,0.1984134629579944,0.0001087,1892-09-27,,1.2528e-07
0.00012081,44.329,58600.0,3.307616595405935,Otto Matic,0.45031,,2636.8782058676366,K,,,,,339 Dorothea (1892 G),,1.3646e-05,J2000,,0.27,-1.1179713762135626e+17,0.198,665.6908518,N,N,1.5751e-08,,9558192263144616.0,2000339.0,3.3444e-05,4.6344e-06,1910.356269326996,a0000339,,46047.0,,131.86391029338185,5.23027041567966,1.3461e-09,20190427.0,32.0,1.4348e-08,2.4519e-05,,4.0175e-08,0.0,5.974,1892 G,,2018-10-22,9.24,1.3301826288833186e+17,,S,2458600.5,2346.0,1.71054,,10.737689,0.09775275284928511,,20171111.9450092,339.0,MBA,0.405,3.013079754818023,3.219,173.4999304060488,100.0754674670095,Dorothea,9.962295861671413,2458069.445009218,,0.783,K,2.718542914230113,164.3981424156061,2.11014,0.1884465247557333,2.2754e-05,1892-09-25,,1.2361e-07
0.00010873,96.865,58600.0,2.46775335035069,Otto Matic,0.49956,,2657.3871808114754,Ch,,,,,345 Tercidina (1892 O),,4.1459e-06,J2000,,0.981,-5.905381199052973e+17,0.037,471.1564439,N,N,5.2655e-09,,5.685843248528844e+16,2000345.0,3.6812e-05,4.0558e-06,1295.377405344238,a0000345,,45922.0,,132.8893590405738,3.54655004885486,8.8947e-10,20190427.0,109.0,4.9621e-09,2.1431e-05,,3.7856e-08,0.0,12.371,1892 O,0.1,2018-08-18,8.71,7.077223414146583e+17,,C,2458600.5,2305.0,1.21067,,9.678501,0.06113300551545538,,20201102.4105181,345.0,MBA,0.411,2.325583444793478,3.553,212.6109520882163,205.645148899532,Tercidina,9.744100962740312,2459155.9105181135,,0.729,Ch,2.183413539236267,231.1954921975726,2.68613,0.2779112855564532,3.0204e-05,1892-11-24,,8.7147e-08
